title,film_id,category_id
Academy Dinosaur,1,6
Anaconda Confessions,23,2
Angels Life,25,13
Bulworth Commandments,106,10
Cheaper Clyde,140,14
Color Philadelphia,166,4
Elephant Trojan,277,11
Gleaming Jawbreaker,361,15
Human Graffiti,438,10
King Evolution,499,8
Lady Stage,506,11
Language Cowboy,509,3
Mulholland Beast,605,9
Oklahoma Jumanji,635,13
Rules Human,749,11
Splash Gump,832,8
Vertigo Northwest,939,5
Westward Seabiscuit,970,4
Wizard Coldblooded,980,12
Adaptation Holes,3,6
Apache Divine,31,8
Baby Hall,47,9
Bull Shawshank,105,1
Chainsaw Uptown,132,14
Chisum Behavior,145,8
Destiny Saturday,226,13
Dracula Crystal,249,4
Fight Jawbreaker,314,2
Flash Wars,321,13
Gilbert Pelican,357,4
Goodfellas Salute,369,14
Happiness United,399,9
Indian Love,458,8
Jekyll Frogmen,481,13
Jersey Sassy,485,3
Liaisons Sweet,518,16
Lucky Flying,540,12
Maguire Apache,550,8
Mallrats United,555,5
Mask Peach,561,13
Roof Champion,742,10
Rushmore Mermaid,754,5
Smile Earring,811,16
Wardrobe Phantom,958,7
Alone Trip,17,12
Army Flintstones,40,6
Artist Coldblooded,42,15
Boondock Ballroom,87,16
Caddyshack Jedi,111,1
Cowboy Doom,185,9
Eve Resurrection,289,13
Forrest Sons,329,1
French Holiday,336,6
Frost Head,341,4
Halloween Nuts,393,6
Hunter Alter,441,6
Image Princess,453,15
Jeepers Wedding,480,4
Luck Opus,539,7
Necklace Outbreak,618,7
Platoon Instinct,685,13
Spice Sorority,827,7
Wedding Apollo,966,6
Weekend Personal,967,14
Whale Bikini,971,9
Young Language,996,6
Anaconda Confessions,23,2
Angels Life,25,13
Barefoot Manchurian,56,1
Bed Highball,62,6
Blade Polish,79,7
Boondock Ballroom,87,16
Ghostbusters Elf,355,2
Greedy Roots,379,7
Hanover Galaxy,398,12
Instinct Airport,463,15
Jumanji Blade,490,13
National Story,616,6
Oklahoma Jumanji,635,13
Poseidon Forever,691,15
Raiders Antitrust,712,6
Random Go,714,14
Reds Pocus,721,12
Silverado Goldfinger,798,14
Splash Gump,832,8
Submarine Bed,858,5
Treasure Command,909,11
Unforgiven Zoolander,924,14
Amadeus Holy,19,1
Banger Pinocchio,54,12
Bonnie Holocaust,85,6
Chitty Lock,146,7
Commandments Express,171,11
Coneheads Smoochy,172,7
Daddy Pittsburgh,202,5
Daisy Menagerie,203,14
Enough Raging,286,16
Escape Metropolis,288,16
Fire Wolves,316,10
Frontier Cabin,340,13
Goodfellas Salute,369,14
Grail Frankenstein,375,1
Groove Fiction,383,15
Hall Cassidy,392,3
Heavenly Gun,411,12
Kramer Chocolate,503,15
Love Suicides,535,11
Metal Armageddon,571,6
Pacific Amistad,650,6
Patton Interview,665,11
Pocus Pulp,687,6
Ridgemont Submarine,730,13
Rings Heartbreakers,732,1
Smile Earring,811,16
Soldiers Evolution,817,14
Star Operation,841,15
Sunrise League,865,2
Antitrust Tomatoes,29,1
Bang Kwai,53,8
Beast Hunchback,60,4
Bikini Borrowers,70,2
Calendar Gunfight,112,9
Coast Rainbow,164,6
Coldblooded Darling,165,14
Crossroads Casualties,193,2
Drop Waterfront,256,15
Igby Maker,451,16
Kramer Chocolate,503,15
Language Cowboy,509,3
Lesson Cleopatra,517,15
Liberty Magnificent,519,15
Mulholland Beast,605,9
Potluck Mixed,692,2
Speed Suit,826,16
Titanic Boondock,892,2
Trading Pinocchio,902,15
Wyoming Storm,994,13
Angels Life,25,13
Anonymous Human,27,15
Arachnophobia Rollercoaster,35,11
Berets Agent,67,1
Breaking Home,96,13
Command Darling,170,9
Confessions Maguire,173,7
Dazed Punk,217,10
Deceiver Betrayed,218,7
Destination Jerk,225,7
Excitement Eve,292,1
Gaslight Crusade,351,11
Hellfighters Sierra,414,9
Instinct Airport,463,15
Malkovich Pet,554,4
Necklace Outbreak,618,7
October Submarine,633,4
Open African,637,14
Poseidon Forever,691,15
Saints Bride,758,7
Savannah Town,766,7
Scissorhands Slums,770,9
Sleepless Monsoon,805,2
Sleepy Japanese,806,13
Sting Personal,846,13
Town Ark,900,9
Tracy Cider,901,2
Treatment Jekyll,910,7
War Notting,957,9
Warlock Werewolf,959,3
Baby Hall,47,9
Campus Remember,115,1
Clones Pinocchio,158,12
Conquerer Nuts,179,7
Crowds Telemark,195,14
Dances None,205,1
Driving Polish,255,12
Durham Panky,263,15
Flash Wars,321,13
Hanging Deep,396,7
Indian Love,458,8
Lights Deer,523,4
Loser Hustler,532,15
Malkovich Pet,554,4
Runner Madigan,752,12
School Jacket,769,9
Scorpion Apollo,771,7
Sugar Wonka,859,2
Tomorrow Hustler,895,4
Vanishing Rocky,936,12
Anything Savannah,30,11
Birch Antitrust,74,12
Chocolat Harry,147,8
Chocolate Duck,148,9
Crooked Frogmen,191,3
Curtain Videotape,200,10
Dalmations Sweden,204,7
Horror Reign,434,16
Lawless Vision,510,2
Lebowski Soldiers,514,7
Majestic Floats,552,6
Pacific Amistad,650,6
Perdition Fargo,671,15
Primary Glass,697,1
Reef Salute,722,11
Runner Madigan,752,12
Smile Earring,811,16
Snatchers Montezuma,815,4
Sunrise League,865,2
Sweethearts Suspects,873,3
Ties Hunger,889,3
Traffic Hobbit,903,16
Untouchables Sunrise,926,6
Waterfront Deliverance,964,1
Wild Apollo,974,13
Academy Dinosaur,1,6
Alabama Devil,9,11
Crooked Frogmen,191,3
Divine Resurrection,236,10
Dragonfly Strangers,251,13
Goldfinger Sensibility,366,7
Jawbreaker Brooklyn,477,12
Jeepers Wedding,480,4
Life Twisted,522,5
Lord Arizona,530,1
Mod Secretary,587,6
Prejudice Oleander,694,4
Punk Divorce,703,2
Reap Unfaithful,716,11
Shakespeare Saddle,782,15
Trouble Date,914,16
Usual Untouchables,929,9
Vacation Boondock,930,14
Waterfront Deliverance,964,1
Wedding Apollo,966,6
Wizard Coldblooded,980,12
Won Dares,983,12
Canyon Stock,118,2
Dances None,205,1
Encino Elf,281,10
Ending Crowds,283,13
Gandhi Kwai,348,8
Godfather Diary,364,13
Handicap Boondock,395,1
Honey Ties,429,15
Horn Working,433,2
Image Princess,453,15
Jersey Sassy,485,3
Loser Hustler,532,15
Meet Chocolate,567,9
Mod Secretary,587,6
Moonwalker Fool,597,10
Oleander Clue,636,12
Racer Egg,709,7
Story Side,850,1
Strangers Graffiti,854,11
Thin Sagebrush,888,6
Tootsie Pilot,896,3
Uptown Young,928,3
Velvet Terminator,938,5
West Lion,969,7
Worker Tarzan,988,16
Alley Evolution,16,9
Alone Trip,17,12
Arabia Dogma,34,11
Arizona Bang,37,4
Bound Cheaper,91,4
Bowfinger Gables,92,11
Bunch Minds,107,7
Cleopatra Devil,155,13
Connecticut Tramp,177,14
Dares Pluto,208,2
Date Speed,213,8
Day Unfaithful,216,13
Doors President,243,2
Fury Murder,344,3
Hardly Robbers,400,6
Highball Potter,416,9
Holes Brannigan,420,15
Independence Hotel,457,6
Leathernecks Dwarfs,513,16
Lucky Flying,540,12
Monterey Labyrinth,593,11
Novocaine Flight,631,15
Oklahoma Jumanji,635,13
Perfect Groove,672,5
Reap Unfaithful,716,11
Reunion Witches,728,7
Smoking Barbarella,812,6
Stagecoach Armageddon,838,1
Sweden Shining,871,5
Telemark Heartbreakers,880,2
Virginian Pluto,945,6
Alone Trip,17,12
Antitrust Tomatoes,29,1
Attraction Newton,45,13
Boondock Ballroom,87,16
Cabin Flash,110,3
Chinatown Gladiator,144,13
Clash Freddy,154,2
Clueless Bucket,162,1
Daisy Menagerie,203,14
Driver Annie,254,15
Frida Slipper,337,9
Galaxy Sweethearts,346,4
Grinch Massage,381,10
Groundhog Uncut,385,5
Homeward Cider,427,6
Inch Jet,456,2
Leathernecks Dwarfs,513,16
Legally Secretary,515,3
Life Twisted,522,5
Lion Uncut,524,5
Lolita World,528,8
Metal Armageddon,571,6
Model Fish,588,3
Moonwalker Fool,597,10
Motions Details,600,11
Rebel Airport,718,12
Rider Caddyshack,729,15
Snowman Rollercoaster,816,2
Soldiers Evolution,817,14
Splash Gump,832,8
Splendor Patton,833,3
Steel Santa,843,4
Torque Bound,897,7
Wedding Apollo,966,6
Zhivago Core,998,11
Clash Freddy,154,2
Cranes Reservoir,187,15
Dirty Ace,232,10
Donnie Alley,241,2
Drifter Commandments,253,1
Driving Polish,255,12
Drums Dynamite,258,11
Enemy Odds,284,12
Excitement Eve,292,1
Gorgeous Bingo,370,3
High Encino,415,11
Hills Neighbors,417,1
Hobbit Alien,418,7
Impact Aladdin,454,12
Italian African,472,16
Japanese Run,475,11
Kentuckian Giant,495,11
Lovely Jingle,536,4
Lover Truman,537,4
Mussolini Spoilers,612,15
Polish Brooklyn,688,3
Salute Apollo,759,13
Saturday Lambs,764,15
Stock Glass,847,13
Streetcar Intentions,856,11
Tights Dawn,890,15
Trap Guys,908,9
Tycoon Gathering,919,10
Voice Peach,948,13
Westward Seabiscuit,970,4
Apache Divine,31,8
Borrowers Bedazzled,89,2
Bound Cheaper,91,4
Butch Panther,108,13
Cassidy Wyoming,125,16
Divine Resurrection,236,10
Egypt Tenenbaums,275,11
Empire Malkovich,280,3
Flying Hook,326,2
Fugitive Maguire,342,16
Hellfighters Sierra,414,9
Hyde Doctor,445,4
Kiss Glory,500,9
Knock Warlock,502,5
Luke Mummy,541,2
Maker Gables,553,3
Montezuma Command,594,1
Noon Papi,626,3
Oklahoma Jumanji,635,13
Roses Treasure,745,15
Shane Darkness,783,16
Siege Madre,795,8
Soldiers Evolution,817,14
Theory Mermaid,886,2
Unforgiven Zoolander,924,14
Volcano Texas,949,10
Werewolf Lola,968,1
Wonderland Christmas,985,14
Blanket Beverly,80,8
Boondock Ballroom,87,16
Brotherhood Blanket,101,6
Carol Texas,121,2
Cleopatra Devil,155,13
Connecticut Tramp,177,14
Deceiver Betrayed,218,7
Deliverance Mulholland,221,6
Eagles Panky,267,13
Earring Instinct,269,8
Easy Gladiator,271,1
Empire Malkovich,280,3
Entrapment Satisfaction,287,1
Gables Metropolis,345,8
Human Graffiti,438,10
Image Princess,453,15
Impossible Prejudice,455,9
Inch Jet,456,2
Kramer Chocolate,503,15
Magnificent Chitty,548,4
Miracle Virtual,582,2
Mission Zoolander,583,2
Rear Trading,717,1
Saints Bride,758,7
Sense Greek,779,15
Theory Mermaid,886,2
Weekend Personal,967,14
Breaking Home,96,13
Caper Motions,119,5
Casper Dragonfly,124,3
Cat Coneheads,127,5
Clash Freddy,154,2
Cupboard Sinners,199,6
Cyclone Family,201,9
Divine Resurrection,236,10
Empire Malkovich,280,3
Fever Empire,310,10
Fidelity Devil,313,11
Greatest North,378,12
Independence Hotel,457,6
Iron Moon,469,4
Jaws Harry,478,5
Kiss Glory,500,9
Legally Secretary,515,3
Lies Treatment,521,7
Microcosmos Paradise,573,3
Movie Shakespeare,603,8
Mummy Creatures,606,15
Road Roxanne,734,6
Scissorhands Slums,770,9
Side Ark,794,1
Sinners Atlantis,800,11
Stranger Strangers,853,3
Sweethearts Suspects,873,3
Tadpole Park,874,4
Telemark Heartbreakers,880,2
Voice Peach,948,13
War Notting,957,9
Warlock Werewolf,959,3
Attacks Hate,44,14
Boiled Dares,84,16
Chinatown Gladiator,144,13
Coneheads Smoochy,172,7
Early Home,268,2
Elizabeth Shane,279,15
Empire Malkovich,280,3
Flash Wars,321,13
Gump Date,386,16
Innocent Usual,460,9
Insider Arizona,462,12
Jerk Paycheck,484,4
Lovely Jingle,536,4
Mask Peach,561,13
Mussolini Spoilers,612,15
Rear Trading,717,1
Sling Luke,808,4
State Wasteland,842,10
Sun Confessions,863,14
Tequila Past,883,3
Tuxedo Mile,917,15
Virgin Daisy,944,7
Ace Goldfinger,2,11
Adaptation Holes,3,6
Chinatown Gladiator,144,13
Circus Youth,152,3
Control Anthem,182,5
Dares Pluto,208,2
Darn Forrester,212,1
Dazed Punk,217,10
Dynamite Tarzan,266,4
Hate Handicap,404,5
Homicide Peach,428,8
Jacket Frisco,473,7
Jumanji Blade,490,13
Lawless Vision,510,2
Leathernecks Dwarfs,513,16
Oscar Gold,644,2
Pelican Comforts,670,6
Personal Ladybugs,673,12
Raging Airplane,711,14
Run Pacific,750,13
Runner Madigan,752,12
Saddle Antitrust,756,5
Scorpion Apollo,771,7
Shawshank Bubble,785,16
Taxi Kick,877,12
Academy Dinosaur,1,6
Banger Pinocchio,54,12
Bedazzled Married,63,8
Cheaper Clyde,140,14
Chitty Lock,146,7
Coldblooded Darling,165,14
Dinosaur Secretary,231,8
Doors President,243,2
Earring Instinct,269,8
Egg Igby,274,6
Gandhi Kwai,348,8
Goldfinger Sensibility,366,7
Hyde Doctor,445,4
Jaws Harry,478,5
Jungle Closer,492,13
King Evolution,499,8
Lola Agent,527,11
Lose Inch,531,9
Loverboy Attacks,538,13
Modern Dorado,589,6
Orient Closer,643,7
Pajama Jawbreaker,652,4
Patient Sister,663,4
Random Go,714,14
Rear Trading,717,1
Sagebrush Clueless,757,6
Shanghai Tycoon,784,16
Sun Confessions,863,14
Wasteland Divine,962,4
Window Side,977,16
Agent Truman,6,9
Boondock Ballroom,87,16
Born Spinal,88,16
Chicken Hellfighters,142,6
Closer Bang,159,5
Conquerer Nuts,179,7
Drifter Commandments,253,1
Encino Elf,281,10
Flash Wars,321,13
Hanover Galaxy,398,12
Home Pity,426,12
Honey Ties,429,15
Kill Brotherhood,497,6
Ladybugs Armageddon,507,10
Lord Arizona,530,1
Pinocchio Simon,680,5
Pluto Oleander,686,13
Prix Undefeated,700,8
Pulp Beverly,702,11
River Outlaw,733,15
Road Roxanne,734,6
Silverado Goldfinger,798,14
Sleeping Suspects,804,11
Thief Pelican,887,2
Titans Jerk,893,14
Unbreakable Karate,920,13
Won Dares,983,12
Alabama Devil,9,11
Anaconda Confessions,23,2
Barefoot Manchurian,56,1
Borrowers Bedazzled,89,2
Caddyshack Jedi,111,1
Chitty Lock,146,7
Evolution Alter,291,15
Expecations Natural,294,16
Gangs Pride,349,2
Goodfellas Salute,369,14
Hobbit Alien,418,7
Hook Chariots,430,2
Jericho Mulan,483,10
Jumping Wrath,491,3
Kentuckian Giant,495,11
Lovely Jingle,536,4
Motions Details,600,11
Odds Boogie,634,8
Outlaw Hanky,648,16
Polish Brooklyn,688,3
Right Cranes,731,4
Roof Champion,742,10
Seattle Expecations,775,7
Sky Miracle,802,1
Trojan Tomorrow,912,14
Waterfront Deliverance,964,1
Agent Truman,6,9
Artist Coldblooded,42,15
Blackout Private,78,2
Bull Shawshank,105,1
Candidate Perdition,116,4
Candles Grapes,117,10
Cassidy Wyoming,125,16
Darn Forrester,212,1
Destiny Saturday,226,13
Divide Monster,235,14
Driver Annie,254,15
Goldmine Tycoon,367,14
Gorgeous Bingo,370,3
Hellfighters Sierra,414,9
Hocus Frida,419,8
Hotel Happiness,435,9
Identity Lover,449,14
Jumping Wrath,491,3
Lovely Jingle,536,4
Magnolia Forrester,549,1
Oleander Clue,636,12
Oz Liaisons,649,2
Personal Ladybugs,673,12
Poseidon Forever,691,15
Savannah Town,766,7
Shakespeare Saddle,782,15
Sleeping Suspects,804,11
Sons Interview,820,2
Speed Suit,826,16
Splendor Patton,833,3
State Wasteland,842,10
Stranger Strangers,853,3
Streak Ridgemont,855,6
Streetcar Intentions,856,11
Vanished Garden,935,13
Wolves Desire,981,16
Youth Kick,997,12
Adaptation Holes,3,6
Blues Instinct,83,8
Calendar Gunfight,112,9
Casualties Encino,126,1
Chocolate Duck,148,9
Coast Rainbow,164,6
Connection Microcosmos,178,5
Crow Grease,194,1
Cupboard Sinners,199,6
Doom Dancing,242,5
Drop Waterfront,256,15
Elephant Trojan,277,11
Freedom Cleopatra,335,5
Haunted Antitrust,405,16
Instinct Airport,463,15
Legally Secretary,515,3
Mob Duffel,585,7
Movie Shakespeare,603,8
Panic Club,653,11
Pure Runner,704,5
Seven Swarm,781,10
Spinal Rocky,829,8
Splash Gump,832,8
West Lion,969,7
American Circus,21,1
Boogie Amelie,86,12
Citizen Shrek,153,14
Conquerer Nuts,179,7
Dalmations Sweden,204,7
Date Speed,213,8
Destiny Saturday,226,13
Double Wrath,245,2
Fiction Christmas,311,9
Hate Handicap,404,5
Heavenly Gun,411,12
Holes Brannigan,420,15
Loverboy Attacks,538,13
Massage Image,564,2
Mission Zoolander,583,2
Mummy Creatures,606,15
Polish Brooklyn,688,3
Primary Glass,697,1
Sabrina Midnight,755,3
Sweden Shining,871,5
Trouble Date,914,16
Alabama Devil,9,11
American Circus,21,1
Arabia Dogma,34,11
Boulevard Mob,90,13
Brannigan Sunrise,93,13
Bucket Brotherhood,103,16
Chocolat Harry,147,8
Craft Outfield,186,7
Cyclone Family,201,9
Destination Jerk,225,7
Donnie Alley,241,2
Fool Mockingbird,327,1
Forrest Sons,329,1
Frontier Cabin,340,13
Gables Metropolis,345,8
Guys Falcon,390,14
Hall Cassidy,392,3
Lonely Elephant,529,5
Madison Trap,544,6
Massage Image,564,2
Oklahoma Jumanji,635,13
Oscar Gold,644,2
Pittsburgh Hunchback,682,8
Polish Brooklyn,688,3
Range Moonwalker,715,8
Rings Heartbreakers,732,1
Saints Bride,758,7
Saturday Lambs,764,15
Siege Madre,795,8
Sorority Queen,821,9
Texas Watch,885,11
Train Bunch,904,11
Tramp Others,906,5
Amadeus Holy,19,1
Arabia Dogma,34,11
Bonnie Holocaust,85,6
Cider Desire,150,6
Coneheads Smoochy,172,7
Effect Gladiator,273,8
Freddy Storm,334,11
Games Bowfinger,347,16
Gladiator Westward,359,8
Hanover Galaxy,398,12
High Encino,415,11
Insider Arizona,462,12
Jawbreaker Brooklyn,477,12
Kiss Glory,500,9
Kramer Chocolate,503,15
Lucky Flying,540,12
Mockingbird Hollywood,586,1
Monterey Labyrinth,593,11
Open African,637,14
Pilot Hoosiers,679,8
Pittsburgh Hunchback,682,8
President Bang,695,8
Scorpion Apollo,771,7
Sleepless Monsoon,805,2
Spirit Flintstones,830,11
Strangers Graffiti,854,11
Sweethearts Suspects,873,3
Telemark Heartbreakers,880,2
Ties Hunger,889,3
Train Bunch,904,11
Weekend Personal,967,14
Wonka Sea,986,2
Young Language,996,6
Alice Fantasia,14,4
Atlantis Cause,43,8
Beach Heartbreakers,58,6
Birch Antitrust,74,12
Breaking Home,96,13
Bunch Minds,107,7
Duck Racer,259,2
Durham Panky,263,15
Entrapment Satisfaction,287,1
Gilmore Boiled,358,4
Knock Warlock,502,5
Lambs Cincinatti,508,10
Loser Hustler,532,15
Maiden Home,551,13
Midnight Westward,574,1
Moonwalker Fool,597,10
Neighbors Charade,619,15
None Spiking,625,14
Pajama Jawbreaker,652,4
Pilot Hoosiers,679,8
Room Roman,743,2
Shootist Superfly,790,7
Shrunk Divine,793,1
Snowman Rollercoaster,816,2
Spice Sorority,827,7
Spy Mile,835,10
Telegraph Voyage,879,12
Trap Guys,908,9
Wait Cider,953,2
Wife Turn,973,6
Wyoming Storm,994,13
Aladdin Calendar,10,15
Blade Polish,79,7
Bull Shawshank,105,1
Cabin Flash,110,3
Center Dinosaur,131,4
Chamber Italian,133,12
Coneheads Smoochy,172,7
Destiny Saturday,226,13
Effect Gladiator,273,8
Encounters Curtain,282,7
Express Lonely,296,14
Fiction Christmas,311,9
Freedom Cleopatra,335,5
Fugitive Maguire,342,16
Hours Rage,436,13
Hustler Party,444,5
Identity Lover,449,14
Insider Arizona,462,12
Jeopardy Encino,482,4
Joon Northwest,488,15
Liberty Magnificent,519,15
Magic Mallrats,547,3
Money Harold,590,13
Outbreak Divine,646,10
Reign Gentlemen,723,14
Smoking Barbarella,812,6
Summer Scarface,862,4
Uptown Young,928,3
Virgin Daisy,944,7
Academy Dinosaur,1,6
Bang Kwai,53,8
Beethoven Exorcist,64,7
Beverly Outlaw,69,14
Birds Perdition,77,13
Boondock Ballroom,87,16
Dude Blindness,260,15
Dumbo Lust,262,8
Enough Raging,286,16
Excitement Eve,292,1
Family Sweet,301,11
Firehouse Vietnam,318,1
Flash Wars,321,13
Gilbert Pelican,357,4
Matrix Snowman,565,9
Rings Heartbreakers,732,1
Silence Kane,797,12
Stagecoach Armageddon,838,1
Virginian Pluto,945,6
Born Spinal,88,16
Chitty Lock,146,7
Clyde Theory,163,13
Coast Rainbow,164,6
Crazy Home,188,5
Factory Dragon,299,16
Ferris Mother,308,5
Gone Trouble,368,7
Greek Everyone,380,9
Hoosiers Birdcage,431,9
Mob Duffel,585,7
Open African,637,14
Prix Undefeated,700,8
Rocky War,739,7
Shrunk Divine,793,1
Sky Miracle,802,1
Telemark Heartbreakers,880,2
Wisdom Worker,978,5
Behavior Runaway,65,11
Boiled Dares,84,16
Bucket Brotherhood,103,16
Calendar Gunfight,112,9
Chaplin License,136,13
Crusade Honey,197,15
Cupboard Sinners,199,6
Deep Crusade,219,6
Feud Frogmen,309,8
Fiddler Lost,312,14
Harold French,401,7
Homeward Cider,427,6
Hoosiers Birdcage,431,9
Lights Deer,523,4
Meet Chocolate,567,9
Mob Duffel,585,7
Mummy Creatures,606,15
Packer Madigan,651,2
Peach Innocent,667,15
Pearl Destiny,669,9
Snatchers Montezuma,815,4
Uptown Young,928,3
Wizard Coldblooded,980,12
Barefoot Manchurian,56,1
Calendar Gunfight,112,9
Chance Resurrection,135,15
Clash Freddy,154,2
Daughter Madigan,214,3
Dream Pickup,252,1
Fatal Haunted,305,13
Feathers Metal,306,10
Jacket Frisco,473,7
Juggler Hardly,489,2
Midnight Westward,574,1
Necklace Outbreak,618,7
Peach Innocent,667,15
Prejudice Oleander,694,4
Raiders Antitrust,712,6
Robbers Joon,735,3
Rock Instinct,737,11
Rushmore Mermaid,754,5
Seattle Expecations,775,7
Teen Apollo,878,16
Temple Attraction,881,11
Watership Frontier,965,11
Whisperer Giant,972,14
Wrong Behavior,993,3
Atlantis Cause,43,8
Boulevard Mob,90,13
Caper Motions,119,5
Cassidy Wyoming,125,16
Coneheads Smoochy,172,7
Control Anthem,182,5
Dorado Notting,244,12
French Holiday,336,6
Gunfighter Mussolini,389,15
Halloween Nuts,393,6
Human Graffiti,438,10
Kane Exorcist,493,9
Knock Warlock,502,5
Loathing Legally,525,4
Peak Forever,668,15
Redemption Comforts,720,13
Sense Greek,779,15
Ship Wonderland,788,6
Side Ark,794,1
Squad Fish,836,15
Sting Personal,846,13
Stranger Strangers,853,3
Usual Untouchables,929,9
Volume House,950,4
Whale Bikini,971,9
Aladdin Calendar,10,15
Arachnophobia Rollercoaster,35,11
Ballroom Mockingbird,52,9
Cyclone Family,201,9
Drop Waterfront,256,15
Gunfighter Mussolini,389,15
Modern Dorado,589,6
Mussolini Spoilers,612,15
Nash Chocolat,615,2
Quest Mussolini,707,1
Rings Heartbreakers,732,1
Rocketeer Mother,738,9
Rugrats Shakespeare,748,1
Soldiers Evolution,817,14
Trouble Date,914,16
Alien Center,15,9
Blindness Gun,81,14
Commandments Express,171,11
Dinosaur Secretary,231,8
Double Wrath,245,2
Ending Crowds,283,13
Greek Everyone,380,9
Grinch Massage,381,10
Gun Bonnie,387,10
Guys Falcon,390,14
Heaven Freedom,410,5
Home Pity,426,12
Homeward Cider,427,6
Image Princess,453,15
Intolerable Intentions,466,6
Jerk Paycheck,484,4
Kane Exorcist,493,9
King Evolution,499,8
Menagerie Rushmore,569,2
Money Harold,590,13
Motions Details,600,11
Random Go,714,14
Range Moonwalker,715,8
Reap Unfaithful,716,11
Right Cranes,731,4
Talented Homicide,875,15
Truman Crazy,915,1
Valentine Vanishing,931,16
Wanda Chamber,956,10
Aladdin Calendar,10,15
Alaska Phantom,12,12
Amadeus Holy,19,1
Canyon Stock,118,2
Caper Motions,119,5
Carrie Bunch,122,11
Chitty Lock,146,7
Dalmations Sweden,204,7
Drifter Commandments,253,1
Dude Blindness,260,15
Elephant Trojan,277,11
Fireball Philadelphia,317,5
Intrigue Worst,467,9
Jawbreaker Brooklyn,477,12
Jersey Sassy,485,3
Lambs Cincinatti,508,10
Lonely Elephant,529,5
Maker Gables,553,3
Mallrats United,555,5
Metropolis Coma,572,14
Model Fish,588,3
Paths Control,662,7
Patient Sister,663,4
Prejudice Oleander,694,4
Primary Glass,697,1
Shawshank Bubble,785,16
Stallion Sundance,839,14
Stampede Disturbing,840,10
Stranger Strangers,853,3
Town Ark,900,9
United Pilot,925,6
Watch Tracy,963,2
Wedding Apollo,966,6
Working Microcosmos,989,16
Youth Kick,997,12
Analyze Hoosiers,24,11
Caddyshack Jedi,111,1
Club Graffiti,160,2
Congeniality Quest,176,15
Desire Alien,223,2
Donnie Alley,241,2
Egg Igby,274,6
Freedom Cleopatra,335,5
Frisco Forrest,338,14
Gentlemen Stage,353,9
Idaho Love,448,13
Idols Snatchers,450,3
Indian Love,458,8
Kissing Dolls,501,1
Legend Jedi,516,12
Magic Mallrats,547,3
Mission Zoolander,583,2
Necklace Outbreak,618,7
Neighbors Charade,619,15
Purple Movie,705,9
Shrunk Divine,793,1
Spice Sorority,827,7
Stallion Sundance,839,14
Stranger Strangers,853,3
Tarzan Videotape,876,11
Bilko Anonymous,71,8
Bingo Talented,73,14
Comancheros Enemy,168,3
Daisy Menagerie,203,14
Desert Poseidon,222,11
Everyone Craft,290,9
Exorcist Sting,293,15
